<?xml version="1.0" encoding="utf-8"?>
<extension version="1.6" type="component" method="upgrade">				
<name>ImageShow</name>
<version>3.1.3</version>
<edition>FREE</edition>
<creationDate>08/25/2011</creationDate>
<copyright>Copyright (c) 2008 - 2011 - JoomlaShine.com</copyright>
<license>GNU/GPL v2 http://www.gnu.org/licenses/gpl-2.0.html</license>
<author>JoomlaShine.com</author>
<authorEmail>admin@joomlashine.com</authorEmail>
<authorUrl>www.joomlashine.com</authorUrl>
<description>JSN_IMAGESHOW_COMPONENT</description>  				
<install>
<sql>
<file charset="utf8" driver="mysql">install.mysql.sql</file>
<file driver="mysql">install.mysql.sql</file>
</sql>
</install>
<uninstall>
<sql>
<file charset="utf8" driver="mysql">uninstall.mysql.sql</file>
<file driver="mysql">uninstall.mysql.sql</file>
</sql>
</uninstall>
<!-- Custom installer -->
<installfile>install.imageshow.php</installfile>
<uninstallfile>uninstall.imageshow.php</uninstallfile>
<scriptfile>install.class.php</scriptfile> 				
<subinstall>
<extension type="plugin" folder="content" subdir="plugins/content_plugin" name="imageshow" publish="true" lock="1">
JSN imageshow Plugin
</extension>
<extension type="plugin" folder="system" subdir="plugins/system_plugin" name="imageshow" publish="true" lock="1">
JSN imageshow System Plugin
</extension>					
<extension type="module" client="site" subdir="module" name="mod_imageshow" lock="1">
JSN imageshow Module
</extension>
<extension type="module" client="admin" subdir="admin_module/mod_imageshow_quickicon" name="mod_imageshow_quickicon" publish="true" position="icon" lock="1">
JSN imageshow Quick Icons
</extension>					
</subinstall>
<!-- Frontend files -->
<files folder="site">					

<filename>controller.php</filename>
<filename>imageshow.php</filename>
<filename>index.html</filename>
<folder>assets</folder>
<folder>views</folder>

</files>
<languages folder="admin/languages/site">					
<language tag="en-GB">en-GB.com_imageshow.ini</language>
<language tag="en-GB">en-GB.plg_content_imageshow.ini</language>
<language tag="en-GB">en-GB.mod_imageshow.ini</language>
<language tag="en-GB">en-GB.mod_imageshow.sys.ini</language>
<language tag="de-DE">de-DE.com_imageshow.ini</language>
<language tag="de-DE">de-DE.plg_content_imageshow.ini</language>	
<language tag="de-DE">de-DE.mod_imageshow.ini</language>	
<language tag="de-DE">de-DE.mod_imageshow.sys.ini</language>
<language tag="pl-PL">pl-PL.com_imageshow.ini</language>
<language tag="pl-PL">pl-PL.plg_content_imageshow.ini</language>
<language tag="pl-PL">pl-PL.mod_imageshow.ini</language>
<language tag="pl-PL">pl-PL.mod_imageshow.sys.ini</language>
<language tag="fr-FR">fr-FR.com_imageshow.ini</language>
<language tag="fr-FR">fr-FR.plg_content_imageshow.ini</language>
<language tag="fr-FR">fr-FR.mod_imageshow.ini</language>
<language tag="fr-FR">fr-FR.mod_imageshow.sys.ini</language>
<language tag="nl-NL">nl-NL.com_imageshow.ini</language>
<language tag="nl-NL">nl-NL.plg_content_imageshow.ini</language>
<language tag="nl-NL">nl-NL.mod_imageshow.ini</language>
<language tag="nl-NL">nl-NL.mod_imageshow.sys.ini</language>
<language tag="pt-PT">pt-PT.com_imageshow.ini</language>
<language tag="pt-PT">pt-PT.plg_content_imageshow.ini</language>
<language tag="pt-PT">pt-PT.mod_imageshow.ini</language>
<language tag="pt-PT">pt-PT.mod_imageshow.sys.ini</language>
</languages>
<administration>
<menu img="components/com_imageshow/assets/images/icon-uni-16/icon-main.png" link="option=com_imageshow">COM_IMAGESHOW</menu>
<submenu>
<menu link="option=com_imageshow" img="components/com_imageshow/assets/images/icon-uni-16/icon-launchpad.png">LAUNCH_PAD</menu>
<menu link="option=com_imageshow&amp;controller=showlist" img="components/com_imageshow/assets/images/icon-uni-16/icon-showlist.png">SHOWLISTS</menu>
<menu link="option=com_imageshow&amp;controller=showcase" img="components/com_imageshow/assets/images/icon-uni-16/icon-showcase.png">SHOWCASES</menu>
<menu link="option=com_imageshow&amp;controller=maintenance&amp;type=configs" img="components/com_imageshow/assets/images/icon-uni-16/icon-configuration.png">CONFIGURATION_AND_MAINTENANCE</menu>						
<menu link="option=com_imageshow&amp;controller=help" img="components/com_imageshow/assets/images/icon-uni-16/icon-help.png">HELP_AND_SUPPORT</menu>
<menu link="option=com_imageshow&amp;controller=about" img="components/com_imageshow/assets/images/icon-uni-16/icon-about.png">ABOUT</menu>
</submenu>
<!-- Backend files -->
<files folder="admin">
<filename>config.xml</filename>
<filename>controller.php</filename>
<filename>db_schema_upgrade.xml</filename>
<filename>defines.php</filename>
<filename>footer.php</filename>
<filename>gpl-2.0.txt</filename>
<filename>imageshow.php</filename>
<filename>index.html</filename>
<filename>install.mysql.sql</filename>
<filename>jsn_imageshow_free_3.1.3.checksum</filename>
<filename>uninstall.mysql.sql</filename>
<folder>adapters</folder>
<folder>assets</folder>
<folder>classes</folder>
<folder>controllers</folder>
<folder>elements</folder>
<folder>help</folder>
<folder>helpers</folder>
<folder>languages</folder>
<folder>libraries</folder>
<folder>models</folder>
<folder>subinstall</folder>
<folder>tables</folder>
<folder>tips</folder>
<folder>views</folder>

</files>
<languages folder="admin/languages/admin">
<language tag="en-GB">en-GB.com_imageshow.ini</language>
<language tag="en-GB">en-GB.plg_content_imageshow.ini</language>
<language tag="en-GB">en-GB.com_imageshow.sys.ini</language>
<language tag="en-GB">en-GB.mod_imageshow_quickicon.ini</language>
<language tag="en-GB">en-GB.plg_system_imageshow.ini</language>
<language tag="de-DE">de-DE.com_imageshow.ini</language>
<language tag="de-DE">de-DE.plg_content_imageshow.ini</language>	
<language tag="de-DE">de-DE.com_imageshow.sys.ini</language>	
<language tag="de-DE">de-DE.mod_imageshow_quickicon.ini</language>
<language tag="de-DE">de-DE.plg_system_imageshow.ini</language>
<language tag="pl-PL">pl-PL.com_imageshow.ini</language>
<language tag="pl-PL">pl-PL.plg_content_imageshow.ini</language>
<language tag="pl-PL">pl-PL.com_imageshow.sys.ini</language>
<language tag="pl-PL">pl-PL.mod_imageshow_quickicon.ini</language>
<language tag="pl-PL">pl-PL.plg_system_imageshow.ini</language>
<language tag="fr-FR">fr-FR.com_imageshow.ini</language>
<language tag="fr-FR">fr-FR.plg_content_imageshow.ini</language>
<language tag="fr-FR">fr-FR.com_imageshow.sys.ini</language>
<language tag="fr-FR">fr-FR.mod_imageshow_quickicon.ini</language>
<language tag="fr-FR">fr-FR.plg_system_imageshow.ini</language>
<language tag="nl-NL">nl-NL.com_imageshow.ini</language>
<language tag="nl-NL">nl-NL.plg_content_imageshow.ini</language>
<language tag="nl-NL">nl-NL.com_imageshow.sys.ini</language>
<language tag="nl-NL">nl-NL.mod_imageshow_quickicon.ini</language>
<language tag="nl-NL">nl-NL.plg_system_imageshow.ini</language>
<language tag="pt-PT">pt-PT.com_imageshow.ini</language>
<language tag="pt-PT">pt-PT.plg_content_imageshow.ini</language>
<language tag="pt-PT">pt-PT.com_imageshow.sys.ini</language>
<language tag="pt-PT">pt-PT.mod_imageshow_quickicon.ini</language>
<language tag="pt-PT">pt-PT.plg_system_imageshow.ini</language>
</languages>
</administration>
</extension>

